0xBeaFD486C5070cc5506353aF3914c3B2dc25eC25,1000
0x11700D71F2c03379244100547630cE29AEdc57C5,1000
0x7107B6cab166190Aa74C7CFF014006C351aaBbC0,1000
0x357Df4bdFa30f5f34e11d7F169344264B086c88a,1000
0xCb77BF8bDAb802C4E718A7741A5044b07D71B0D3,1000
0xffFaBF7a41D4C6CedD8AF59576C2F92F52042c9D,1000
0x49406406B78a272B19A9e255778460BC993Fac95,1000
0xDf6dAAA148f177e13E0ab166449e3f2088dD0610,1000
0xbeDdA87210cE93d641C2502de7d2a3fC0602A7Ad,1000
0xb8F781aF510Ba75F32c020cf5Fb4355B8282dd22,1000
0x73c1805bF342Dbc16974697e50800e0b18854106,1000
0xB0FAFFBb80128757da11A4CEA7E3bA9043cFD22E,1000
0x42d473486a9D168232744c73a12EC726BbF69B24,1000
0x47da50E25Ec99988297DF67A0d4CbbD4fbdB6ABd,1000
0x3aB5928182888a032796514F97C031047D6F0f78,1000
0xdC6ccF6eE21103510c9db4e94EE2159Dff16d45b,1000
0xF87e78Cd8ebd15b9fbc9616ca8ad4190f4Dc1452,30
0x4a6d057B117b07febF65F76767AA7884d7a731c2,30
0xdB781fFaB2694D134De1E3F6e06422d48D44Cd30,30
0xAaeE048b45ecb5F883Ae26cF272324B56F88573b,30
0xA910086959CCE82Ad9df740984f110558d3170D3,30
0x05c91A1C705d748901644C3689837Effa9e91A19,30
0x67C9C5d5b2DBE3Cc7e83642d00C28A4c8ECDFFdC,30
0x4811CeB63ed582E08f49eD29aaf1DdA593F04aEF,30
0x75E4daaA3578642C23F83c4BF48dae8737c4076E,30
0x2d2F743849AFb79b5636E07E92c462b5949Bf2ED,30
0x0aDE0199D17773EfA3F6e85eEC6FE48cb51F91D2,30
0x001454Be13daDEb33707E8938da3D6c6a58913C8,30
0x6704730d215237b475D9e9669326Bf8C814eED3e,30
0x067F5b774dC0d24B6d1cac6E5D98E8356ceAB919,30
0x9750288c1791E58056e9571d607228369e7aD25d,50
0xF0c421FAB2AdA554aBcebC4C84Ba11F6f86b25BF,50
0x208F139Dc7877878641eE87488A91Cf03Caf5F8c,50
0x2967B50B724456a4011971bF81939057BD822655,50
0x75e79ED6d16bCDbCe5F90Cb76cb8773881A3D4ff,50
0xb34111FB9CF07557d091A6F855B2C4a5E3B19a76,50
0xff602dAcc97A5599441C035c41D91DBea8f85aAC,50
0x17FdDCEAfEFf31b74B2aA479361bFfBb34425013,50
0x32428C017dc9e92a49429a5566695ede5D547D53,50
0x5097a75F2D7Db2bFf70A949dbb114A47eb7eF9Db,50
0xbA892D3940FA6e61D3d492dE25780aeB0E967847,50
0xb3AB0e506F3178685B10ee6de5d5Eb6F377E2642,50
0xaa0f05B9A474F35fe39Da5356e280955fe8aF714,50
0xebDDF6ED9e36cb464624850E5D74c4d8299597eB,50
0x62c749DBe17256564fE1e4c50EFE54fd4d0F8f3e,50
0x64733CE99F39A69132a56cFDc5E90789963d2dc5,50
0x62b9049060aA60acE3Eb470e29650ae5817655aC,50
0x6440543EeD3c2c2aE3A0DF4c2036C927E5E0cEdF,50
0x03FdA87cEF3717ad6137148A1Fe43A8D747896b4,50
0xceA5C64037FD22D1402c85b3d6EC6D7098d787FB,50
0x0d8a2855fE54Fdd01d91Fd6A9f3F3A2C51b9f850,20
0x3e6Fe9A8401F206fA36BBF92E48e3553B556076a,20
0xA5E88181E5c72cF458caf8a45F4e72A280CBb035,20
0x601c33981372E27508cd577dc9C4dC5A7E005FeB,20
0x684893019A4295A1d536118729355C5eBee1E90e,20
0x6E3d67d386EBe5F7CA47c3192c7EC98f5037CC35,20
0x91533Ca92FD2beB1cD9D9C0938188F8Bad10C3cD,20
0x04a4DB529052b7E484aFB7618b5318AaFbF2bE6D,20
0xccAD0Ea5d323841894A3E95D251eEcDd245F9C58,20
0x6E6BB21E1038681AC6599008dfeFF5De27d1f9d1,20
0xDf252D9E9C772E28497940dC6c532D70fd46B63b,20
0xa5929048fEA2dBda2b7e99988Bb0F8Cc066CcF6C,20
0x5346Cb4FbD287289303991d14bD0b1707Def790a,20
0x16985DdCd438184792DBb702768e2F22B04523E4,20
0x3256dc545b65Fe2019a6b3C08cA7725b223Dec7B,20
0xf0447a6F607a8aE7d065595DbcaA32adf595e8Bf,20
0x6d3644c9D4634c4dd73ceD89c10283116B9A7274,20
0xaf70C5FAB1707e36C9CbbDf441F7fc0A0b8200ca,20
0x71B6E15D68ce0B9371009D793CA11c5cB8a0c256,20
0x576A4cA61c5cc991B3D89bfE29AAdFC4957988F6,20
0x3b22D62E6c5e65f4bAFD9dB8EEc0Cb7a73aff171,20
0x1A36FD1f266482c10A2433243629a64a0d4B7a4e,20
0x81aD33229354ace925D9A2131d927FE0cFcdd1F2,20
0xcF7417Fb9d0183A2F9FAA8B89D85320FA2633Cf0,20
0x5783cF70393238460C46AAE8ead3880DE70a90FD,20
0x1b4E9Ba81A1178b7B0344d6719d11E86F324AD5e,20
0x3D45F4078ED6c3DE523C056C93fdF972c914d00C,20
0x11c2Fea76c85BD96e27b42f02D89C8eC25282438,20
0x59aDF33F6257F2dc3805D29cBCF794d0ee5C8DC7,20
0x2D9CB86CB721Afa3cC3241304166775B513761Ee,20
0xfaF44c57d111088540a8AC5A043c757Af2ED280d,20
0xad4D975deF4B63E903A68A25bcB50BA1124Ad643,20
0x3a514B41316B0d486C27ea56aE441e32ebAc9bA8,20
0x45ef1ca7A811Ee2378EFC71f86465eBC6f10AE47,20
0xef56406a65a8064DB9A83D6CcE01fD7B5EC5cC64,20
0x9b62E89C546aA69Af71Cc909BE84768cb5a0d27F,20
0xdE1a191C189f6E2f210DF1b5b4e29C03Dc97e4e7,20
0x2dA0640DBAbb04D697812145130b7cd690Be9ed9,20
0x8B244DAA9Aae337d99A2626f91d4359D31774397,20
0x50E6A41D6d214c7E97DABbFD5DF91ba400c197Aa,20
0xcE0626D714B37A8653ab7f761eEddD1663924D25,20
0xF4fdBe7B495819caBddC338fbd1cbe804f23d924,20
0x22A810f11f95088ae6fBc4A8815b6Dbc4ddcA01f,20
0xede182b5d634DDCF7170438b0805c8432b70b767,20
0xeBdd8D0c93534C4985b83A12344bB561c9B367f4,20
0x60911c3391ba1444465897e92b7420d5d3E7a287,20
0x00BBbf3d6C04676D7c7EdE4A2E10Eef69cACD995,20
0x7233dE01F9619Ad4cEA97E415965f7198E57e077,20
0x4bBa7f7A22f127E2b1Eacd6a3F0Ec50Db72BD8b7,20
0x34e79Ab55356EE2dcf5717CBF771cd24b9dEb909,20
0x196d5F7A147C0F251f49adE0EAcB41B16752eFF3,20
0x70452dD372695a8a3Fde8A677F6Fd657Cb1af9fA,20
0x25b689d8e5e17fF83c53d37b8608B818262B924C,20
0xe3FB6D484B96eBb53033a9B107f55902398d65A0,20
0x838245A8eD1040Fb17b25680d47d4Dc11F124340,20
0xa05815e233df5ff8F3090D1793e82db49F1D7b74,20
0xEFBF5f2CB27e64C62C2E2D62bDfE30E76c83BDD9,20
0x64C8B9B5853AE1B572751BFef0491F72AC46ea42,20
0x9F3eDdf9d45884eF5ee1E7c554094a944509b9d9,20
0xA76a3e478D700d557a7a51DCb03f267D5aa0961A,20
0x8869754117CbD13030076ead507e923E9E59231f,20
0x58FF7F6bE4Bd55f04aF0b0385E216DecE084AEe2,20
0xC519f6d5c5aC2024A83EeBD2217aD322f996CCa5,20
0x147f510c00A847B98B0D5F99878df178995a669A,20
0xf5233a3E3713a1Ed648C78eAE73a76e8686A8A29,20
0xc7DBa1B07C5343e7Eb3ed429e8E26A440e105572,20
0x963b87fBAd92a8e5b005641009Db6c0071625bbB,20
0x3B7c3a8A17B3573b20A2A8c42139FE35Ca84F4aF,20
0xE1F82C46210ea3d3FC367782e24aD2d3bF07Bae3,20
0xd93eFF8bDe23Ca43810c5Bf0c265e3d625cAC597,20
0x7Bae5c53f3dA6d6A4c6DA236d75181116145535E,20
0x5567790B9381E4095a85cdd5628eeDf146638B87,20
0xbB6F9Bb95e41566AF0679F8C65464191c2BEf899,20
0xA1Ea8d1898718168a6eCC1619A9A257e23C42C56,20
0x62D0e60cC22eA551e815a4dF1CFB966879B0D9Dd,20
0x3ad337a5F49B5D3C2dD47cc8e4F116C3D66a47E7,20
0x0Ec4c188BeA7e43fd9FBFB90c9184A69D794a6f0,20
0x21842e27A21885A3A128D209CC845622C1416b89,20
0xf04291673302A774aAC762D774B98c85fecEf319,20
0xB721e151565D355eDa8eF6EEE8680702E85deE68,20
0x7C5B19BCd0157fb496FCb1c2F12b4f96fd22DC77,20
0x637182e2b269d170E14902B89de57317da9B7504,20
0xd6D23B7f1fdd457079457D54e5Dc50a067af0AdD,20
0x2D7974Afb7EdCBB63723d26482B33946c6296979,20
0xD71E696BDeC2e56C734A17cE0da5dbf2d19AC2b2,20
0xdD2411fACc4089b083cEc02b9eB2c29F5C1549af,20
0xC24Ab18c898D199d03b9578D1F021EEaFCE76C07,20
0x4c59655cdd1A110284726460BacEb12960432dd2,20
0xcb4406fc8fb2503087533f64afe8E52b3BA15Ea4,20
0x8c7ee6047A67C7277927F2DF3f30dE2cF2e706dc,20
0xe6F7bCF71F2a86e64B0c990432D27923EC61d06B,20
0xE00da87fF7a25b250ef91FAa8F7984d1aA6Cb343,20
0x5a32B58C8B4e2377EDbe4e3CA6605257F1cc7611,20
0x719899E0A004F3961645fD1BC0aC5c8e8acC5061,20
0x86A4c1EcA16C4175d9dC49FaDEf9b9eE3bB965F3,20
0x3A7Cf9E20c8c2301603F0a77b0d28d05E598583f,20
0xE01b6EA40185766bfaA01418A3530989b3a11e92,20
0x62D854644FFd017B77839601090F16F5b82c9aef,20
0xA7351Fd6a14BE51Fa624d74B8E5BAceB9966E5bc,20
0x9ca54bE47e1a622b8C3D8a3efc8df23d15F11797,20
0x7c72129a63BfA24a7E62AfdF5547A4ED6d45F234,20
0x12bef2110FCc67c0074Ded79FD45070CCC5C219a,20
0x163D7d1a5974d4F39BA079759a5d1F379e37285E,20
0x80054958Aef26Db32Ce83dB89BAd6F48B23cbE26,20
0xCC4ef683DAdf72cc9F0Ce210f91c1d8dc18b3343,20
0xBCeD2d884f9FBBf91fA58A1cAb8C3041869b09f2,20
0x8f1EDaA8d59b78D693ade1900093efbc5F36DA3f,20
0xf9aBaF2ccE9dfFf2c10e80AA95B646751d685EA6,20
0x7045bee7647cC06C94aa85f5799858F7E86BCaA5,20
0xE15E1385A15d6a6FE3D9BbA36297aF553F5C0169,20
0x51Ee2A5D4BCc88fe7bD980e144171BC58d8c85ED,20
0xF3D6c9b4276d4632F5c23c27ddEb4D26303fFfEf,20
0xAEb2EEBAb5850e67Dc8F3A74ce0F1d7Cc35fF892,20
0x09f5C3cdd93E7B7DbfEd30bBf02094590385bd2C,20
0x6c5F155ca56e90CdA3B9754240Deeb416803A9B2,20
0xC6CF8B3D21B7D01d81Dbcd53945934d6500e15ed,20
0xae324cEeFB6fDeF42D27Dac9f4257E6444a476A4,20
0x0bBcBC034Fe66604DAEB99A6d3CE0c05E3eAf947,20
0xE9bCbc916a6445eFD432260f5B4D2631428A96e1,20
0x4e235e4acFc8Bb5fA5ac03Dff9a537c51e708d9F,20
0xcEe6a41A81B3863DBc7217a41EFF134b640D074a,20
0xA5946d42FB31050d2583a6B24f80e9B0eAe184f6,20
0xfE8fEBe154ba3bc12c3F1D6922331281e5E878C0,20
0xa3E6060E631c7C485bfcC98BF135fbE10D561b23,20
0xa46B4fe469564453f19Cf3412759CD67ec506A15,20
0xEa5CeAA086bA4577b6c8C29251a20799afb4b524,20
0xaEe07047464629A6129106199Dba3eDC38E6d26c,20
0x1e9c5c2Cc6EF813c7588d7B14f889a5575e5054D,20
0xBBBB0235aa907781b31717F7d97C9af90C047456,20
0xA786b0717217E4C8c7f0c87d2AC516FE976732E9,20
0xFbbC83559DC21bc8FFF89f4045aBc7469688810c,20
0x6712b3d1b66ccC7F83b60D42d47D868AF8A1Da49,20
0xB1FDef9C4623b3F6a66c11c651fD5Ed2eEb833D6,20
0x25447E7a32fa2Fb74edE292aaEDf55AC6C752A71,20
0xEB613F65fCf0F01d8227cBC123bA3E4F4DEf1dBF,20
0x982320A34C9a31bBd786fe66c3C0519eA3BE11B5,20
0x329831e16c737ab9196457F5530569d0aC9EA02D,20
0xed849fb8Dca0daAA3D5319a1812075B6162372Fb,20
0xa41D526bFeE516f582967765886b10CF8D706F4D,20
0xb95ba8964A2A92A3972d7f7e54Dac8636c8b51Ad,20
0x2abaB7c8BC3231abaC8DaE5E02CB1cBaeD6d0e3c,20
0x5AcE6195Bd38Cee5DD1A809A1618Bb102E13119a,20
0x831D0BBD07fCAbeAa032a024c4fac38515C32e97,20
0x0Bdd2115BE2A5eEf17888d9e6328EC3E6Cfe7bAa,20
0xD88528F1773e9C7Af61181e5DC9621bFB84574e3,20
0x492129081C76dC3282B9FD1ef41A923003edeAB6,20
0xAe8bfb2C4ab3b8B0AF82b1569b311ab592196026,20
0x53F5Bc175daE8288Ed3327C70D2B7C7450Fe788a,20
0xDa1a57631b4ab98796f61D5d8Bf9A7E47368E898,20
0x5B0A99E47e2eE47A090e449fDB535D996E5eFE1f,20
0x6c175589741A75F7f771a80e9Feec6A1757dA146,20
0x45189178a9DCd591805b9751BA020Bc7169AE60C,20
0x8a93514E8FD2F52973EBE832F0B2841dfe072205,20
0x4E35B2c42D5A70a0c1f903e48D0E4015613Dd697,20
0x20b15cDc46eb750a4a9306e7C15f7305D2784836,20
0xc5115749E03E9D7170895B09D2A47073B90Af482,20
0xC905DF8BA63c0401cb6d856F6f74350BF001D77C,20
0xffdB8967156264432E479abe9A6AFe698c760B5C,20
0x9fB3ff45b48e7abC8254B74794Dc9aE92C1c0ef3,20
0x7bA887f4feff498f15896afB55b6F89d8dee4C63,20
0x5B7D173f671B3227FA3C20f3C26E1DC88C9797EA,20
0x196428c4B05284855684B0248CBfe0a2E6e80a39,20
0x144456B1E1550e72401303cA07C3419Bcca9755F,20
0x256EFA370A6F26B7E0Eb9944095b9D47F961DD90,20
0xFc9b50cdb74f88CD022Dd621d0d32cb0C0025434,20
0xF6422970B5d334f4902d4bE49c18046E50E2d5c4,20
0xbcEF3D6C785e25c4a4C33fA0b8669911767c8836,20
0xB26dEE4aFB0a9167bE3779BfBdA47592006F35fc,20
0xc0580F3E677AD426Bd6199737d140abc1Bb01e51,20
0xfacf30f4f930D8285C3ebA1d930a9Ab4C92FdAfA,20
0x077ED698E05c413bf3E1364477a38B6D209a3f32,20
0x34f3f279aC775cb89fd85701C6d6F3cc19E687b1,20
0x0Bf0DdEA60730fAb884186C53b45c6BBeEf6Df3F,20
0x848CAF0A3f122632421190cBe647f61c955efc53,20
0xAAECfa275A080944Ad57133660C47B4De52f9490,20
0x8a9D4bed4aE5FDe082e0de095b0A59e0eb6D5154,20
0x676c63A00294C566B59151C9EA358726DF91A787,20
0x0f1dD2866245090a72920C859c2565F03daEdf71,20
0xf359B2bFeb498fB56dE2CbFfA17ecF10E9057ba5,20
0xfEF6fB3f1b59de1c37beAC378Cb64C971FbBd335,20
0x5DC2005BeEa43738A003C2b72cA4Ff5a3A40f58a,20
0xe0e7324F7a14146F66F5e94B04947148A5980fAf,20
0xCF123058236267c46cf1fAc90205F66AE7cB9c61,20
0x017ccD24f9f822C51A6Ca9433c5220f6D62bD0c3,20
0x36d06bE31e69C5A6c971068aF9dcD7CC7e11D54a,20
0x256188e7Bbb817f23A1aac4fB01cf51b3ceE8E73,20
0x1eB49aCd1D59CF84451c07CF24e5cC8255F87723,20
0x13460A04eE545A47a30C882c902f66CA5090bcc9,20
0x5b59962b6218E2F6399975298b73bA0d28487674,20
0x46AA4228805eF271254604279D63Ed53B63e710d,20
0xa9009FFa691e46984cC060182B0D45C032e26Cff,20
0x46B341d38F78d7645eb6b10a1F1eCf71008a1B19,20
0xf4fBcC14fE28f981882f8d2328E4A79dEBC24cbd,20
0xFE00F2ECd1E97B2445cd6E93033dE4fc9605F9A0,20
0x58dA68954FdF2f586C4828f61F55D95102dC40fC,20
0x2e7aD049EB492793fA9F34554008F04e0053758D,20
0x25c80Df27DE913e29E052059D8335f09ADBaC0a4,20
0x6C7c182771F8d8803F8a5CeD428e9Fed7985C23B,20
0x3E03D18D6a9463566f2Aefa13bB0bE983D92d8b9,20
0x2A498d638d25D3d244318960E0731F81bC271138,20
0x4043198F7d1c936Fab3B124F8037FfA2F4C83f30,20
0xC478F81a1694865f4e3890bA1E97e17f65b927C0,20
0xF39BDC71D70b0F34eA54AA98e2cc317Cd0B90A94,20
0x1403e0a29cd19C289801e3934f0C240fc3832e14,20
0x97544CDc9e4622D1Cca13f78EBd6d038bc94178f,20
0xb1C27A90637E094D7E60018c07B949138d8BA5Df,20
0xe52fc3De139691C917a3a04D1198850fb543A941,20
0x97d2D17E3eA63584FAD2128E41436578125D424C,20
0xF271Bf74EcE4346850888c7469f49F7452062C93,20
0xf439B3AEACc1bD8a7d28e1396705947aC647b760,20
0x237964d00bb0C836DA71a83e7B899B520287E4AC,20
0x679021b303bBD3a7da03EfDE184a0caDb981a6A7,20
0xd1c8cefefB8FD285916a1E380b6eD14ba712e04b,20
0x8CdF625F15fbbD1bA133Ac090547a84D66d12daA,20
0x1CB097Be5c11Bc111A1F439Ab209045Fe0723C63,20
0x3E1dFC4221fC72Fa1BEa87d6f825751D44B1153E,20
0x0487C0dc6eCaf9378EC90135C670A48f363F65dB,20
0x147Cd4091779F9f8d674a2115134340a75185D69,20
0xFE6b0539bb19F8Ee170414d3fc8dFA9FD3496bD2,20
0x4042E595768D126DcED9Db8E1e446DC8887E7c0B,20
0xF5fC80ACe79751d0c79cbf1B47A0e92E608B5D32,20
0x3263fF4032D380B062D3BC638051e4E8E7c245a1,20
0x74C5D2CFb14337f00a2B64CD405fd19CD849d69C,20
0xDE8Edd3342F79295Ebee49598f7f7153C6d6917f,20
0xE4f0aF4794CDE24F8364BBb5A08fFeafdB00610B,20
0x11279390A302D513f87e6B9b2994Ce7962998969,20
0x79a5A0C4d49A1d87619cfA90eaD74A8F6108C4af,20
0x0450756F0C5F1CbDa46B122c2Bd7618425BA858e,20
0x72A600Db2eEF60B93886B9e414f1d295D4464Bb8,20
0x0CAA6c830B67930057b0C855356a5ED17C60542b,20
0xf91238F692e47F34cd104Ec48E3d5FB3030273b6,20
0x82D8a67f92D0670446D8B593E55398CddB208bf8,20
0xC3158149518a693235AFa4da9541A89F23766b98,20
0x3b1Fd9a084659ce7e853fbC1d7806F97bd67FfFc,20
0x800923df4A591d51B2D847f22fB2afBFAb95e9Dc,20
0xD166d05267FbC995e8d315f3bbE2bE509f859Fe8,20
0x291D7d2b3293e102376A4f78d224321d7029739e,20
0xb1561C501C777Acb009D7F55CC937313ab5Ee2c7,20
0xe3677019622D934e317bCaa7FC1B1b17Fe50dA2E,20
0x193CBDbf9e1a1215Ce30b50CC951928c187F2368,20
0x4Eafb3CC43237874390D7ebd22228D886bf02608,20
0xAc72d37b8C6f225a91eDbAC6B1064d7eb3f5D624,20
0xA6A2acEE17DE8cF49F6694d6603C78A7c2680Cc1,20
0x86932129a7eE6F8B551F6e965dBDfDF56001274A,20
0x4F8240D0f025A269386Fc17Bf80446e77fc2085d,20
0xCd44249044be069eeEAdD14AADf90b745C8f9dD1,20
0x216aC7c5D91ee69F5231eb7C22B268d06924a2B1,20
0x29FF5c672e552747ff25F846D9C450d313944Cab,20
0x30BF2a99092be688A0ee097D091bA9277d1025F9,20
0xf8381BB498C112210B16714a1C51d5086c2d0494,20
0xAa7072D2a3902bF46852C0230638d7AFa2C49cFF,10
0xE7e6326403519E65db724d79f2Ab25751B07B47C,10
0x5e9C9d8e1d4E3D287099D36B70022D63716db7Bb,10
0x45C67dBFcdD1bdE91B9b7aC93E966274443082f2,10
0x45421f31706eaAA966f8d20EA89DeB5fc5572981,10
0x86abe7Bdd0b152d9063f923e2Cb4857F8083192D,10
0x1B7cEe411bde307c4Eec17102F2ea6BDfF27365F,10
0x214e7B4B8038053192A1ABa9015734e7e8F3c59f,10
0x28f3325C61CA52741acF602006F53d6De2cfCFBA,10
0xFb268C165a5896031F78ea1b687D4821C16cA93d,10
0xecf22a8049585916f6294Eee1714553c8ade7F73,10
0x554d970b71cD8c4810650072C69576f412a72561,10
0x34E5b78eEA651d1752294F5B51eE2972487F31B1,10
0x97f8c0D7FeEC4d476957cEe706E79B17fEc03ba3,10
0xa2d5cAcdEff1b871DA4Ae2A1fA4D9582ed97738C,10
0xB912287e7878844b351A161ee066BCB5F25e8422,10
0xEE91be9c833f7a9De760b98Ae434e6CC8bcCe821,10
0xe86c2e0431e0827746B243694335db1C70e21223,10
0xc370E3582a5f0377Cb5C2D806e8D3F50afB2DD7c,10
0xBf9e6274b0210fB98c183c014e9e32AD5aA21c4e,10
0x7c7d7171a7357E104C34DcdFCb51EC1AEE06AD29,10
0x19F386D471bd5099Ccf7093Ba84d73fc2ABa5Ba3,10
0xc9A19E2fd747A06373cAE257a188ECdc91677FbC,10
0x92077E91337A154471F3D701aD363c1ea13f2EAf,10
0x67d9069fc1bB9015A6D21a6e07B91Cc7de0a69F3,10
0xa597B1067742B64F9ffC36ACf1396ABcfdCF3C8E,10
0x5625649349264D15Ece8F3Ab232b59522E812EB1,10
0x8fF526d9c3a47F2DCf4530486aA673c621e7dCC4,10
0x41C44f5b6Ed7A92de11416EcFdB5a2314f58D0E6,10
0xD30493f7295Bf72d7893b392EC28830B721ed8Bb,10
0x62D39575EC9e2acBd38aD47437C9C0cb26c6A9a8,10
0xC4Ba4c42A775439f89D9b48989cb415584Ad5e3f,10
0xb64FD12Bb0Df3cDEF792fb79B1AC626D2e82c26b,10
0xA04EB5F4518FCA57bd84f1c8D3017FbBCfeF9B5c,10
0x172a8a746df3E1fDb8f1593aa7c270cF5D932270,10
0x80C03f013247e411B9dEF8a6A66f5072D1b48Eeb,10
0x6D92846B7b9e860F335F78a68E3c9906EAb122BB,10
0xA4F5D03D16D92cee421284dAdd3Aad7DD34EBf44,10
0x7930B9Cb643bACC1B94C38C5EeB600A5C47E5dD8,10
0x4cF476983f1Dd6fF62447d066934E5fA4209B681,10
0xf23EF3e5d9f3Bb49e16135b8a1F18c0717A65fb6,10
0xDe848573c643B4771f9AB4524A6d1DEf6a810b7B,10
0x4AB7A28A1e478453686016aF81559dBD05133731,10
0xfb7163B69b2C2dCAF1B19096512d72BF727aDa40,10
0xA926662107718A5F7D5b1108C519c7a0e2b483c0,10
0x4a63CA1b2967846c73d55ab7F500cee594BAefe9,10
0x1B4B2ad2DE0C783d70088754862C2C64502970b1,10
0xfF6dFc9b76aF21aAcD084Fd739cA769ce3eb7978,10
0x76706dd0620e1923c680D4c78D1e021CE39D7343,10
0x19f7660856E1FdcBBE04383e36583bCEbAE0CAE3,10
0x3cBCEe834B358E600f3f9ee40b42d12092BebAAD,10
0x915384C4a97be83D7086bd21A7a1f6B5c4b660ef,10
0x905b9c2447F8B6c9a6F5f1Ed625a05ca63C9CFB8,10
0xD9e7ceFF766E14fFCe775Bd3aA46C8AA2FEFB0c8,10
0xb0b4106c2D6563d128a549DEcbe03E3c2FF650b0,10
0x6e29dc3e94ADA4208fac557c0323DEBCEEeaDA1a,10
0x1dc3Fdd256edC2ac25CF5ae3614d0a5fFbDAeB71,10
0x51Ba51E245D318Ddc13C361b38164b799aBfD657,10
0xFe0b710432eE29D41035b32592DE1DFAc472D3Dc,10
0xd2FB6E5ec0214A7b2161D4D773945Dc58289A53A,10
0x72EC966dC9390D63E905892F777C4E8E5Fc3B0D2,10
0xA344909760BA3A87F42589f0eb431bfEecBEddD5,10
0x69B94EFeF24637F0637CFF8c4032782D8Fb143aE,10
0x8979D21C4bF20BC7C00Fd34bceF942d40836536f,10
0x919dcD749FCd89A98Fa087015eBe1e268F695F57,10
0x96208d0d752cF9A52e3f29c76d3C703eFC2Ee839,10
0x5BE09B6580862b7184153Ac686D63B5d82BB7971,10
0x0BbBE68F6C1d4281d9E1f442d675236E216F3F25,10
0x58fAaF0a39A34Ef023690f213b81C2CEF9ad352B,10
0x3F57569291eccc864D0ddf44469FB301f1400BFC,10
0x0270af11050Ed4F16044bd82EE39F73545684B42,10
0x531fE37a6099d1d707F810a4C40D3ce164C303FF,10
0xD62c4d143e5204043c9E51EBeb4A89d11474d546,10
0x25AC10c37C038BdA469f4EdE0Fea75c9589896EC,10
0x87DF47a0f8D9Fa46FB4D5F1697E78421AA679986,10
0x37c68BF2Fa2dD78eFbA76115bB077a722A1679De,10
0x502225Eb5a83329c9bF97a70c3C2d2dC2c9120cb,10
0x7508da81bF7DFc0ad2B315bB0095A3EfD2f1338C,10
0xaC8693081728BA8c8d9D5ebB1F7919aC4d31406E,10
0x15657038A775B95E02031C605122ADf29c1Db469,10
0x0011FcD34cC25BC12E710A286f02c07BFdb78F31,10
0x99605397E1a8362b6feC74e9F671a738521A0088,10
0xD991b86eF52A2bc587B657E4f209b24c6cdddc2c,10
0xC9e906Ef2aECE1a4da1d8557cb94C607eE990b44,10
0x5DfC50a3BA9Ccce2Ae8Ee53214DFC9beE23Cd87d,10
0x55DEe7BD1746C26e1769464336C4A75290D81f23,10
0x75516990C8dd50609B32Adf5346Ae9021dF37736,10
0x0C37886B05Bc6fc6C7299f53064586DD74D28aB4,10
0xfe1347535775C5cE8dC9e7cC426ab09B2234507C,10
0xDd16361a7bc42AE6dAF449E5da1A1Baa4F01AeF7,10
0xc8B0E65d712E4dAf7761B89B1127695C52f7f0Cc,10
0x4c2AEfdA3FEc316a966b3f4ad5dcf7276ab6Cde3,10
0xEB092a300FEE1Cd95dDcbc89Fe3EcA618cd28fFE,10
0x5D0cd7383414EF1e43103FCC2798bA75c223f32F,10
0x050650cACAF15A87DB1704Dd2624967c323511DD,10
0x634A22b27EaF087EB228281ba3caf941FA542E26,10
0xc034C4148D2AAF351E0B9f1fE1e0bb4B25Afcab2,10
0x70B384AE1EF5579B1f1702AAD823E5eb78272d22,10
0x28F576C87acCDA00a67b21C10079EBf4BAF48AfB,10
0x357559CF2F6392d3f82ba8918705609849815c56,10
0x6F34C2c834708E16FBC47Bf17253dDAE23810F62,10
0x202D0A8B167C0F9790eA5a97C1D999b4AC7606F3,10
0x46Ac04b07232403a9aE26F4d599A79707a341466,10
0x838702a298559011A1db959391d1A30F9882083B,10
0xeBd7ffab9a90339d65d5d0a30BF2DAa0f5ad00c2,10
0xEB480D9AAb9F22336D3960874469b9fAaE6415e5,10
0x5c05A20221Bc32afcbdBF49eEB97bC2D76Cf7097,10
0x2d9dDE8914A29E67A51A757caD98A64a770Db40a,10
0x577FB16ECf128D45fC366f9EC88bB63811bE07DD,10
0x094fD46eeD427B6337c9D13e00aC27f83F6DCBdF,10
0x1eD2167dFbC00E84B47561A4aF03Abf2DfaceC1D,10
0xebd7008aE2A56684941DFB1680ca93EcA3A3a6b6,10
0xDca1b2A2C16B7d6F1C71C4fA55be5cE3088ccc60,10
0xB4114e37A612EeeAFCe8785B7b69CaD23A6387F6,10
0xc727e95BAFcE9a166cae826197c8e4649D27518D,10
0xC0b683C2d3cCaB8F6539BAC23ff85AC55073c986,10
0x6ec161E90aE899Fda73eaACe601A5940a2647960,10
0x9Fcc9130E9d02F9374c6CC5dAF87437CC6FA4400,10
0x22457716B3269fDb9EAeE54c069600621491B539,10
0xA4d0ce8cbD1D91C882b91BB35392e67F5f9aD231,10
0x9D6EdEc30f7638303f0521DF2BE88Faa185F27d6,10
0xA79eAA83f8e37213EdDFAFfd17D44a0aE0e034c1,10
0xdf4a71A6873Ad6A00F0Bbf0007A4C60ABA286D96,10
0xd35e3993B00081E37aF0135701D5988BDc7cb0eB,10
0xC6CF57Ed5b9c30bF67f99110b4d87dDbB9B37703,10
0x1D2D8e83cc35CD61c74a577Ca6ED19eEF6B6bDeB,10
0x802d6F4b1aCf8C9a098D76aa5e86dff94CB7B800,10
0x836C13E6055E0384EE5bD45948973fE7E47203D9,10
0xcB1b25aC66CBfdb32D55d32F7A34bC7aa9f2C6F5,10
0x4fccE1cbAf3FDF27bF81185c2a833A447E9e827a,10
0x8B6f9ED83bd77D530A7a9B81D1646b3CA1F076d6,10
0xF0Dd9e9A84A742458C52dBF1C35B6Ba78513249b,10
0x75f7B26b5Cf76Fbd55CbB7d6806c8fD8536568E0,10
0xa70C6694f12239571c6b187781c45E64e2ECca29,10
0xc0E1cbaaA82507c401A06503cfc4A6423Cc790c5,10
0x0c32d722626604CFA8848C4789C86E035D24834B,10
0xbcbACAE01b2408D1e3D633634Db0Be15Be5809e6,10
0xEA2E1e2bC06c1AcAaFd4907f9Bba51Ba3C13B1f7,10
0x7AeF0F705D0b14641ca8B456cdDbe636a74Dddf4,10
0x16a3e495B799467D0439AC7f3C194d3c8DFbfaa7,10
0x94b6c6bAF066677cD0c134f67C53AECfcc287302,10
0x096aFa3B5f87Ddc552Db684a3Aa4Dabf02d658a3,10
0x644516065cD9a49f15e6236379Cb1E6047eD062d,10
0x74aA00635d875bDB798d5A05846C87192901B1Ea,10
0x62DbB606b08837f7A5D626Ce687709A2360eDffc,10
0xc74674882B6C250cf9D381f8E8Bef7A6992ca487,10
0xa4D0337517C393A63E63fE74D259Ec36F31181b2,10
0x913e80d4483E96b70f8f630bd64790f57da84708,10
0xfABDac0B991288f58aaea571D8Af2C8e2aF3C454,10
0x3145D786DA1e01066AD3dA448A4e2E480eB9ED66,10
0xC58DBFe16249D5a5271961AB7F8a226F40aD000f,10
0x879e2a9BAA145a3314f78d8c782e1eB5Ac7c4F7b,10
0x384C303EB93C2945cA64dd85002928c0B81c84db,10
0x2325F56841CbF125BAc0E5ddCed91737Be0A6b6A,10
0x74c7A442eea599F108031F2a8a8d772d66f0282C,10
0x2c1B79696a22B31bfDae00752C56B7889E6CEF87,10
0x43e5b661C2b67e480E491d82628250391C749a55,10
0xf8101800A8c9F6084DdC6beF8D342B5c28baCA2C,10
0x8334d20B352d6b5F2D101a3fFe1380ABF24894a0,10
0x4d4b04fDf2ee927241880f823092785F124983FF,10
0xDc1457A6f2Cf5B288FA2f3Ad1bd02B3B083E7c53,10
0x67F96dB53d0ff43163ffa1586b70Cb39d91B4280,10
0xF29FfFE372e310fBc99C0668400895221e10eFD5,10
0x124F521D919c778Be0aa676e6dEb5A7D1F057415,10
0x499e16a3e85eCC6Bb23de0B12AB16dC7Cb837Ddc,10
0xC67A0AB1Cdb6cffb7247FE5B303f22D470f0c70e,10
0x93B0FEe5c500f5B0975fA4b45229E1f05802F80B,10
0xDb18b108B19aF7158204581a97209A33A224a17f,10
0x7877939e10Fdb5478aE1814E55bEF4AECeD97746,10
0x2fBEeAac6428c41A85a69623f5D014645565e75B,10
0xB7dd5622DAE45F9289B6fF863FCC76D0C9DD925F,10
0xF9Bd2b56409cD184898eE8F4d4c01e29F18e872e,10
0xf8e6b67e753834Cd15dcD99c52EfA7c276686d64,10
0x4dAC40852E790F7db7Aa201dB2FF9CF8395AE701,10
0x143dbB15B0Ac841A554198A8e23Ad125B9e54f40,10
0x998f84CC33977Cd8F8fFb1a49bb06356E8158998,10
0x90Ee14C6B217C38c45F1a011BE5dac5b247c27ad,10
0xdAC203b2245a628b0c630f75Af5579A34FaD9A90,10
0x9ad026c91Eb5b80E15592e456E8Db8B42e11c896,10
0xce303CdB4866d3c0B47A61876CEC9a65B3833a7B,10
0xca03510023b634631a60AD2213a6f3e6129cF807,10
0x082253b2A2De545309A99deC1bb2B7068256Dc23,10
0x9FEf8839F3b85dea5245B2d17D0ac6aa4de2F58A,10
0xE4827d11cc09ab8DE779E87488206f0051Abd9E6,10
0x1Ca3AAFC1cdF427627Ab9c981b13F92BA0B9F708,10
0x536e51b1A9a39714B98ffc6A16D1F365a762e7fd,10
0xaa77cB8f10b3Eb773F1d0fC4d5419Cf8F91C017A,10
0xC73df5a69ab9837aEfF966DaA57AFd36b91D0c32,10
0xcf98E306a06a769baf479b876CC6723caAc71b8d,10
0xd24a9CCa0DB7dFdb68dfe4C1860Cdd1FFC8E46A7,10
0x0933be42bB1d47eEb185af4b333dE2653f279845,10
0xBF798D5C6fcFE2776C9cbb6cc81bC6700Cc021Aa,10
0x565abE2870e07B055CD4e7aAe27FB72dEE0a8F25,10
0x3FD46FF8Adee9653da34D5c6a449f0780Ba51d5d,10
0x7B4650fF56C75234982A6CfA1352aCC49d9f78d4,10
0x369A083BF1e532616046c5Fe5518ce585B9CEb1a,10
0x0C0C79b89A8EEFb6A2CA391552d234c29ff4ee7a,10
0x091f4ac4C1CeE26165bfCfBd0bF0a70878a36e5E,10
0x7A8Ef0CF8a2c84501D2E0079B9308354Ed891180,10
0x19a768A16cb4EA339398305b95BED6a91b2D90B3,10